{"cameraMode":{"drawMode":0,"name":"Shaded","section":"Shading Mode"},"sceneLighting":true,"audioPlay":false,"sceneViewState":{"m_AlwaysRefresh":false,"showFog":true,"showSkybox":true,"showFlares":true,"showImageEffects":true,"showParticleSystems":true,"showVisualEffectGraphs":true,"m_FxEnabled":true},"in2DMode":false,"pivot":{"x":-0.10524213314056397,"y":1.7436989545822144,"z":-12.032456398010254},"rotation":{"x":-0.03509213775396347,"y":-0.011992324143648148,"z":-0.00042112532537430525,"w":0.9993122816085815},"size":2.892949342727661,"orthographic":false}