{"cameraMode":{"drawMode":0,"name":"Shaded","section":"Shading Mode"},"sceneLighting":false,"audioPlay":false,"sceneViewState":{"m_AlwaysRefresh":false,"showFog":true,"showSkybox":false,"showFlares":true,"showImageEffects":true,"showParticleSystems":true,"showVisualEffectGraphs":true,"m_FxEnabled":true},"in2DMode":false,"pivot":{"x":-0.3654547333717346,"y":0.48356568813323977,"z":0.31929343938827517},"rotation":{"x":-0.12748733162879945,"y":0.5366257429122925,"z":-0.08241941034793854,"w":-0.830054759979248},"size":1.2317448854446412,"orthographic":false}